{
 "creators": [
      {
        "name": "Carl Boettiger",
        "affiliation": "UC Berkeley"
      },
      {
        "name": "Dirk Eddelbuettel"
      }
    ],
  "description": "rocker-versioned provides Dockerfiles for versioned instances of R.  The rocker-versioned stack includes base R (rocker/r-ver), RStudio, tidyverse, and verse images for various versions of R. See repository readme for the more details.",
  "keywords": [
    "docker",
    "R",
    "rocker",
    "reproducibility",
    "containers"
  ],
  "license": "GPL-2.0",
  "title": "rocker-versioned: Versioned stack of Docker images for R"
}

